PC1,PC2
-0.596863695,0.16070089298226437
0.3360066194427367,-0.971997821
1.2862496181963317,0.4134872745616352
-0.598649244,-0.834494877
0.3475105069138512,-0.895873387
-0.72295365,-1.128781351
1.2489564468948755,-0.823898242
1.0241517501773463,0.4640250832880825
-0.62586888,0.6653716797731082
-0.588376803,-0.565808414
2.4802913963250375,1.611691234369312
-0.565691846,0.3733657894503643
0.6740962848510464,-0.869549553
0.2639563218601422,-0.180585249
-0.789458669,0.6061036021919359
-0.673997304,-0.164107551
-0.618674333,-1.533180804
-0.574793198,-0.277128384
3.0285543092650022,-0.907463384
0.2629588998896706,-1.477506837
-0.570235906,0.42703919633414306
0.2571243732434766,0.21260872061909242
-0.656634445,-0.742592615
0.5528512862373515,2.686611625157838
-0.574697951,-0.046556513
-0.594547679,0.088032687
1.039528406182324,0.17465600186594477
-0.566985909,0.6277758879463691
2.161899651331492,0.6550604132610953
-0.583593673,-0.608038332
-0.897388074,1.418258732
-0.675560551,-1.4911044
-0.711279616,-0.861436231
0.032574822,2.8357346032178876
-0.579215208,-0.194946462
3.1423006724454825,-0.468246077
-0.767333644,-0.136963289
-0.23078622,0.021050539
0.3460656998509153,-0.03085332
-0.667767163,0.13128059674993753
-0.702359195,2.3097624564887194
-0.937040405,1.1188418278757835
0.37552674164964917,1.044366061420432
4.773230209990999,0.3604798637355057
-0.633301148,-0.917061313
-0.800065118,0.3418620215010479
-0.769953477,0.17832606482215713
-0.661964469,-1.402345145
-0.64325094,-1.113800447
-0.652052839,-0.927150444
1.2799134856787688,-0.183651677
-0.75751757,-0.138800701
-0.585149387,0.25255397828085535
6.1159398968968555,-0.90351044
-0.861679113,1.2062954884014925
1.2177906220130104,-0.764497503
0.29230015059103387,-0.555908406
-0.643847832,-0.848522692
0.17213049341397368,3.004322238798981
-0.61483493,1.4308765821350782
-0.698046387,-0.541529271
-0.601986286,-0.553535992
0.4826494322800551,0.8969980977201069
-0.616859564,-1.031116244
1.3581695444401882,0.6402188917454354
-0.614612688,-0.697552967
-0.949790005,3.034050473075433
-0.256697723,-0.309846393
0.6875953865919185,-0.740262459
2.2123181974519053,0.25747032504306966
1.1943238829013714,0.7815688355655601
-0.673494904,0.2978045863336765
-0.663008294,-0.349974479
-0.685136746,-1.847812305
-0.694282937,0.4387587328002371
1.1758077806068172,-0.130230955
-0.602404352,0.002817473
0.3222276893460755,1.1345662445699318
-0.693506732,-1.607245925
-0.623819391,-1.160914085
-0.719543442,-1.177991713
0.22400088078735603,0.087962378
-0.753620541,-0.065269058
0.015783826202669826,0.29680142632828543
-0.614104319,1.3641753728892467
-0.626453935,0.24184479975791168
-0.713826176,1.6138697403695303
2.900944179442819,0.21641902997643964
-0.78919453,0.686583444
-0.575568918,-0.30292634
-0.2515626,-1.12328085
0.29659173950804574,-0.519993624
-0.758737543,0.44624701878303424
-0.820369035,0.6461291590105731
-0.570286045,0.28896649122151696
-0.681865645,-0.419390796
-0.732996996,0.95591207
2.147640464448602,-0.48860507
-0.627407981,-0.691477914
1.5698513906410283,-1.2508187
-0.638409469,-0.305690212
1.2712935704072525,-0.494585623
0.284947496,-0.919189095
-0.591041575,-1.201890891
1.2222895730371288,-0.910670075
-0.732700355,-0.595419616
-0.756507611,2.754828582346863
0.063056378,3.2808835779394174
-0.577805858,-0.195321877
0.2539185457189862,-1.449871469
-0.724328805,-0.248213039
-0.019594284,1.2929794463012636
-0.628438405,0.25986107380242474
-0.695725867,-0.588629894
-0.674507291,-1.48585828
2.2096551578274544,-0.64971186
-0.885829481,3.745795399773813
-0.699293299,-0.219259474
-0.979717874,1.1011522054625351
0.3016656961912071,-1.152684958
-0.603095399,-0.722460211
11.095894623233928,0.8797269243729555
0.28722954543211054,-0.934294392
-0.740132792,-1.318979944
0.3362206199850075,-1.029590684
0.6366024747537412,0.6327302499135752
0.16428038363141262,-0.208380522
0.17929084528374262,-0.074423142
-0.986160922,0.1033733532072238
-0.58575697,-0.881097768
-0.832101465,0.8561944539952278
1.958831288144304,-1.051087129
-0.583918055,-0.408885953
-0.602439357,-0.507386619
0.095742026,-1.172954584
-0.972600014,0.5408011823106584
-0.616653935,-0.942103889
-0.711560314,-0.052224737
-0.708076907,-1.193400516
1.2429879031047188,-0.397718033
-0.680265801,0.04137753
-0.584957914,-0.515163751
-0.681885015,-1.918175321
-0.583518465,-0.400929274
-0.650820752,-0.630828613
-0.841867654,-0.578106239
0.6832553920943224,-1.185349654
1.1278102165918278,1.0928848222275285
0.3317735405579112,-1.016445115
-0.595754527,-0.998125456
-0.572006376,0.38746260737343513
0.31176433010562443,-0.310602104
0.27646988456156885,3.179163230458386
-0.486280602,-1.225555294
-0.669210208,-1.364985933
-0.836077667,1.7342022183526455
-0.911642216,1.7755203541123816
-0.662696503,-0.818083985
3.973352436292215,1.7349262097874008
-0.590085296,-1.156116933
-0.624710268,0.48348474451683493
-0.728822866,-1.161799834
-0.914534221,0.43918975375718944
0.34195829606514494,-0.754946935
-0.63778056,-0.130976881
-0.579634838,-0.226365954
-0.918442917,0.1955900809375451
0.3054349603042077,-1.133267224
-0.783036246,-0.236214785
-0.57129073,-0.16597988
-0.591844097,-1.025625491
0.3599419691040855,0.5580607345291086
-0.744580997,0.27708437920092166
-0.311009332,-1.144436411
-0.731248299,1.2431255547384097
0.097289947,0.890239103
1.1538261322626298,-0.317593965
-0.891170695,2.303562416461842
4.085261194469697,0.7154938483640825
-0.763745054,-0.60639946
-0.619029538,1.3544339627739046
-0.588999574,0.000421793
-0.792679192,1.4864465098598352
-0.614144483,-1.115833727
0.5452840456736735,0.5642893726873737
-0.871575509,4.247406442149407
-0.616140621,-1.267885484
0.067755965,0.2533978960140422
-0.592347306,-1.117548823
1.2280262705425264,0.5928351447709894
-0.632966831,-0.675045953
-0.805542261,-0.415435376
-0.659613665,-0.738354973
1.211347404565947,-0.90340369
2.129774565907513,-0.860916003
-0.634926062,-1.446865991
-0.719718033,0.4018484883831506
-0.688116775,-1.473585858
-0.588138542,-0.184376119
-0.680883373,-0.205691388
-0.671708631,-1.510071923
6.592728599330005,1.3989316594670462
-0.628966683,0.09890139
0.33002288666852064,1.1540643409183762
-0.569627345,0.3318294724289354
-0.916432933,0.9579116793039884
-0.860573481,0.46206555778549824
0.2735216575932664,-0.363934181
0.33275662220722135,-1.172734513
6.323940102200007,-0.518480563
-0.7168536,-0.472872884
-0.623013612,1.7625978971165666
1.3909802461368184,2.465872836097805
-0.587134612,-0.68719151
0.9610951521570313,2.1445315227718473
-0.639176508,-0.231633143
-0.60341643,-1.534385152
-0.869713258,5.059754318276763
-0.647205669,-1.548788382
-0.631864187,-1.48948889
-0.615498789,-0.581791408
1.0565291694330026,0.9267281949919455
-0.683630415,-1.888715558
-0.623436499,-1.368598976
-0.711218564,-1.511057258
-0.712479686,-0.717766977
-0.588829873,-0.519659041
1.0290446395709023,1.3883531479121807
-0.572884105,0.35661894940357725
0.24070990059079433,0.3710605376319612
-0.76400746,-0.95797901
0.3074502141604396,-1.056641752
2.909876808742723,0.15813256665996106
0.010128165757631424,-0.505111439
-0.623363834,-0.520401405
-0.596745811,-1.554103505
0.32987438301584227,-1.20902471
-0.65904295,-1.768039079
-0.812786267,-0.649175872
-0.854671634,0.7875039810456599
-0.58261579,0.048971395710080134
-0.915838388,1.1113047782744907
-0.95590318,4.049347867898833
-0.66505474,0.21877372463892497
-0.736864065,-0.108342587
-0.768215395,2.318592085031111
-0.601622624,-1.154672502
0.6864484429891405,-0.388307493
0.65155113,0.4585468945018793
-0.636894458,-0.24673844
-0.626077936,-1.664545392
-0.617028456,-0.881024216
-0.661858053,-0.385256196
-0.600594434,-1.218462734
-0.583640515,-0.429437789
-0.767077415,2.2567768569607103
-0.683492292,-0.678095766
1.2353277331963302,-1.205077438
0.3423645245549931,-0.622495765
-0.592308836,-1.149544148
-0.584962359,1.2558971359050954
-0.588582432,-0.654820769
-0.919085228,0.12190842780140915
1.2375603987867412,-0.400493678
-0.841855547,1.7626535028237584
-0.639628964,-0.333054915
0.2776286656241681,2.1384036303708673
-0.667416233,-1.844145948
1.2721997111651389,-0.58688437
-0.632537096,-1.061331388
-0.608917578,-1.156496898
-0.792185418,0.5207530550268598
-0.626018671,-0.715316143
-0.289918196,-0.393964897
0.124087436,0.6364965722828024
0.2596748373947326,-0.634204957
-0.686092586,0.2771054482741693
-0.76130106,-1.142551518
2.191837665,-0.612850379
-0.640502279,-0.170753888
-0.664519708,0.9731058022464165
-0.625699988,0.5152796514229216
-0.250827084,-0.79438786
-0.595801369,-0.819524913
2.6164684842168695,0.8571883010188952
-0.599401627,-0.520156772
-0.017781711,-0.242159162
-0.57646842,-0.086133102
2.1401408301778657,0.15590228082077195
-0.667864898,-0.785953327
1.5845959801540657,-0.926241453
-0.652115624,-0.006429709
0.2375034485446661,-0.324949945
0.016614898777975173,1.102726528734133
-0.677618242,-0.377086083
0.18269460002112337,0.3483529078932373
0.5954400163545018,0.6739923988386602
1.1106999980064685,0.7229090328694465
-0.585398392,-0.20005725
2.208481411922056,-0.095693538
-0.651063288,-0.100072686
4.065460210207057,-0.458489867
0.2973214264191636,-0.685583931
-0.347207461,-0.636544318
0.30233369086263073,-1.157538097
-0.605651638,-1.697880398
-0.699658069,-0.313492963
-0.798226204,0.8140738367175628
1.0786138219573966,1.345629002402799
0.2805573625999771,-1.502348995
0.6796792796791088,-0.915834258
-0.638579615,-0.496910898
-0.629658824,0.13360727349065127
0.3404060477227284,-0.436554042
1.2725474296228008,-0.445900688
-0.662681678,-1.436675614
0.3463717654377264,0.16834902591724582
-0.628542333,-0.070565821
-0.691755194,-0.89576215
-0.663409363,1.4873793605060335
-0.247920699,-0.787950408
-0.786467612,-0.086938673
-0.877388832,1.5949619241398652
-0.594009127,-1.027585219
-0.924566028,0.7697197369509958
1.2713169066934347,-0.154449562
-0.765944643,-0.407261759
0.6042504265653766,1.4460700856940512
-0.567907184,1.092206021108263
-0.837639042,1.2414385673444281
-0.622825451,-0.777146647
-0.581813269,-0.127294004
-0.643601984,0.392748195
-0.782928406,0.2633142129091159
0.038012724603610826,1.2119119976893598
4.998883177375507,-0.522325836
-0.699124407,-0.369351502
7.766671842725687,-0.669945961
2.3933803532475726,0.3978522121925185
0.3522316606068937,-0.387371375
-0.590969664,-1.311455081
2.1431935543382354,-1.334332166
-0.586238575,-0.361785331
1.6144261149216552,0.08942289
-0.616971424,0.9557537899216131
-0.766149517,0.46148764822890437
-0.618810648,0.23708173255329962
-0.276590658,-1.397728731
0.3326337631769122,-0.831254222
0.9782253949092238,1.0826165586609093
-0.595573967,-0.978149454
-0.627765804,-0.414756671
0.13856875572108573,2.3072336412902352
-0.60313306,-1.060453691
1.2653502652282271,-0.858241727
1.078856858051163,0.19842402756331085
-0.850136255,0.6339755496768509
3.5368033536494003,-0.732120862
-0.585113404,-0.466103401
2.554546503533371,-0.196194788
2.4280382722888687,-2.162259474
-0.584993088,-0.166495178
-0.335995015,0.17761267732018748
-0.760802572,-0.849741484
-0.871364765,1.0900361972281576
-0.572046579,0.6905576410707581
-0.599724276,-0.592104102
-0.686708849,-0.956401323
-0.683160517,0.2050081079489941
-0.633637198,-0.887976965
1.4346862366544375,2.6621958434118937
3.4920587272196544,0.003544917
1.217074976194482,-0.211055015
0.33777535576912254,-0.661321524
-0.639417311,0.028023075595369568
-0.897125668,1.7698382821186638
-0.25019189,-0.232788275
0.20570871416994496,-0.440262537
-0.570367891,-0.042637057
-0.738250833,-0.725592873
-0.780859548,-0.064187027
-0.593686533,0.3721126778725437
0.26830374863127016,-1.436345935
-0.908404865,3.035050485630158
-0.579001208,-0.252539325
0.2711655779073604,1.117161965326903
-0.590279426,-0.216188592
0.2588406078203428,-0.6514704
-0.586333823,-0.592357201
0.33244564118705233,-1.074613812
0.1383203058147271,-0.089577202
-0.636583647,0.5140135236734582
0.2362461233126797,0.16856453639572194
-0.594798302,0.37539907011925416
-0.757257706,0.853867364
-0.817167135,0.6841536793074434
4.662681342296514,-1.05275617
-0.76046683,-1.125286074
5.593327367370337,-0.012264824
0.34338087762535796,0.002518637
0.2722344721321335,0.13382765169917482
1.2077846933020435,-0.734919972
-0.04166871,-0.035294737
-0.722138576,1.7470145102362222
0.3056065241436726,-0.000216297
-0.768326661,-0.42184163
-0.615939268,-0.266684907
-0.978290848,0.08755689
0.5158446666029423,1.770952914655543
-0.733219368,1.1601101508838152
0.2995345307571837,-0.516875406
3.111159607840665,-0.586269227
2.424760009354979,1.1397312748222808
-0.575547314,0.3083094294520194
0.3146516538294605,-1.556488935
-0.633338695,-0.786176891
-0.754117297,-0.629178801
-0.604365316,-0.497902857
0.3329455534550906,-1.299363728
-0.733152616,-0.919259048
-0.801205423,0.8183114779005021
0.2779868588622466,-0.67899813
-0.624725532,-1.068615338
-0.594833421,-0.603682924
0.22883811537492005,-0.974843299
-0.572415901,-0.06166181
0.5934304771832247,0.6229723203268602
-0.637703928,-0.441427773
0.3246067195697082,1.078933109625432
-0.696847741,-0.167638576
-0.840024834,1.522597870875796
0.19525001430860667,0.7008231708548738
-0.901300237,1.7168584755461425
1.236011631880404,0.831053365
-0.708134162,-0.84355529
-0.639988965,-0.496535482
-0.592345743,-0.529775866
-0.708339576,3.424747299
3.300646156557442,0.6255810264087895
-0.714864301,1.2364922338084632
-0.706572479,-0.104331396
-0.768596554,2.2551772680319897
-0.474693175,1.6941771137310944
-0.659165809,-1.426558788
0.6550107222656739,-0.410352524
-0.586378932,-0.684856366
-0.648284807,-1.253082049
0.3462916521275766,-0.434354231
-0.58708274,-0.820218513
10.186511756894086,-1.111480916
-0.688002157,0.25577053783582276
0.34915529114298816,0.5162667688827083
-0.655099079,-1.87310798
-0.642761132,-0.920845437
-0.28330279,-0.08847749
-0.583399712,-0.689094008
1.9513482120239631,-1.296271115
-0.562000616,1.2167577419842865
-0.399114531,0.7129605918376045
-0.569761063,0.13325292731413824
-0.592310569,-0.87844444
-0.574591035,0.35408338765638775
-0.619405753,-1.096490789
0.9447680853874075,0.099505808
-0.598901884,0.11396597591828672
-0.443980866,0.9696242281343173
0.22246208842077986,-1.022426974
2.8956012330261682,-0.954714245
-0.650389594,-1.534673998
-0.78540665,1.2470239417866045
-0.771652035,0.029185285408199618
-0.709943911,-0.481147748
-0.320824596,-1.512587805
-0.585844015,-0.399402191
0.014022037328801695,0.35707986185260804
0.6755917561694956,-1.450509642
-0.269659366,-0.794767825
0.60807466,-1.252827312
-0.615389217,-0.353362118
-0.710674691,0.4444261264203498
-0.805732616,0.2287537901761163
-0.637300856,0.479683055
-0.679177367,-0.302044924
-0.971429734,0.5289822775098059
2.545244552497841,-0.890127776
-0.69323141,0.7151045614621971
1.1826930402310118,0.2813416875642186
-0.758902969,0.05413963
-0.631609853,0.074054682
-0.771815728,-0.634021811
3.144165936341737,1.1767511259444055
-0.869768133,3.6672147492906033
-0.906559604,0.606229041
1.2697990776635426,-1.142487004
0.11751656645700703,0.7707065885950406
-0.883338167,2.4186303758474943
-0.635222703,0.10446569495654312
-0.610516539,1.2647280078010996
-0.582639127,-0.291164665
0.2318103875916796,-1.350035673
2.202863413,-0.559612924
-0.940962503,0.9762738329552467
-0.299243962,-0.815621524
0.48441470259000285,1.749873812
-0.728868514,2.145254181800352
-0.680961738,0.3758592130510587
7.561466776446359,0.7907605023469735
-0.607604455,-0.158582713
0.071891894,1.1972456927606037
0.28800384098344856,-0.390936485
-0.58269937,-0.011532444
-0.603658042,-0.904740127
-0.621079242,-1.176595216
-0.578357642,0.1624550422847722
-0.730835562,-0.424160254
0.21098561798514193,-1.448185909
-0.586200105,-0.393780656
-0.197773251,2.050213173607104
-0.639364015,-0.622563878
0.28896012033013807,-0.345162527
-0.940387383,0.9586329741604942
-0.659706425,-0.28226479
-0.665144288,-1.441546319
-0.696899304,0.21184866983911643
0.088904248,-1.274243911
-0.540479697,2.4809913078562884
0.695019953,-0.486545961
-0.616083844,-1.005318288
-0.662098856,-0.125599977
-0.651633209,-0.895730952
-0.596877965,-1.164907094
-0.714261993,-0.068538931
-0.970737763,1.3531490584380146
-0.673024912,-1.719326449
-0.645571151,-0.820239582
2.065563243123002,1.0329683091138737
-0.629571278,-0.964537351
0.3095433326583048,-0.945117833
-0.590409678,-0.956964554
1.9672444837943117,0.07246582
-0.790762667,0.4193459618779915
-0.71092077,2.8491686628256154
-0.673582281,0.5370765458908404
-0.814445971,2.668130302
-0.841610778,0.3443488196297417
-0.620363765,-0.871165039
-0.596541915,-1.193991442
-0.612994298,0.17663512273939225
-0.664923895,0.8160151664882533
-0.912992886,0.9084905919767543
-0.729510601,-0.115050704
-0.696734687,0.9739448637277115
6.719812993156269,-0.526998952
-0.591636735,-1.207712845
-0.828295077,0.029389621
1.7267234351696406,-0.477255647
-0.598454473,-1.285539359
-0.629485326,-0.68624936
-0.699040828,-0.308847662
-0.599352243,-1.339845829
-0.616849629,-0.589948505
-0.787223792,0.5271752310042137
2.1501350907457413,-0.04374328
-0.689570964,1.4638547679272427
-0.630683048,-0.961250959
-0.884679072,2.851641017353062
-0.614199567,1.133603502431655
-0.62757514,-0.812485594
0.3340664491887274,-0.491493576
1.2251604750093423,-0.802024291
0.32595713575360097,0.37175206207309325
0.3696184408998978,1.1909140488989367
-0.653332885,-0.921343168
-0.890945026,2.4160375839120416
-0.7315875,0.6014793706853607
-0.796966645,-0.566989401
-0.464474299,-0.416113846
0.6321663090362567,-0.141817913
0.3464069391837302,-0.180319548
-0.935184624,0.9478225484841338
-0.735531686,1.9194782204386502
-0.820141634,0.4875046181062444
0.30093173400564155,-0.074906429
0.2813701285970269,-0.990986413
-0.643966416,-1.419230624
-0.705878436,-1.269009653
-0.626679104,-0.487079415
-0.579708482,0.15429794498039057
-0.634263126,0.46691290128310053
0.18512533252504815,1.0185654345380808
-0.738983677,0.22865709262457468
0.18345831278677538,1.9218281631994425
-0.877707576,3.1515068889919378
0.35766008867508114,-0.285706633
-0.76411882,0.4124419761514307
-0.893992691,1.9876399988391742
-0.642043922,-0.886514968
-0.596036973,-1.373167819
0.33133225281425926,-0.331349809
0.3396879144625017,-0.569773608
-0.878644255,0.9585040324618292
0.021744013969084763,1.4725800018655506
0.34600071069388205,-0.312770717
-0.871670756,4.016834571691815
-0.577583656,0.4593527067384348
-0.669434683,1.6509923730928224
0.30854554035901893,0.298641095
-0.713073422,-1.241148881
-0.881380669,3.4615501224324423
-0.823340553,1.9790832950395134
-0.860705251,4.349704247797979
-0.702891824,-0.190991042
-0.590254188,-1.006024904
0.28619819790283973,-0.0818445
-0.666841113,-1.861786806
-0.310273507,-0.569083179
1.7245432344681797,2.8176679355671377
-0.733707752,0.44959519081988314
-0.627013421,-0.729094775
-0.752722772,-0.010962588
0.3452133230085873,-0.508636704
-0.675834525,1.8756850593682506
-0.656568672,-1.593100343
-0.679385668,-1.674200233
0.692627521,-0.329881148
-0.279479406,0.3657180508933689
0.3809505357647781,-0.677786933
-0.798968482,0.7107070155079735
-0.619860556,-0.779241707
0.055491183509802644,-0.467116123
0.28227925703726786,-1.013072154
-0.566566279,0.6591953796026955
1.302666491768885,1.376903719858532
-0.644792443,-0.72422862
3.4977143876646926,0.8054577830822396
-0.883667709,0.6479777459185052
3.783519035714825,0.077585918
0.10972568427954166,1.431985002060088
1.2095791136556868,-0.502778467
1.1709246827048978,-0.117686206
-0.69896023,-1.777947019
3.0646599477612937,2.070299082416925
-0.687297116,0.7364820237152019
-0.626101327,-0.676930885
-0.876336866,4.041999463916218
-0.640665471,-1.450410032
0.14674037612876245,1.1356796907642661
-0.743693162,-0.109776889
1.2516965967274807,-0.839579373
-0.788021593,0.5025539283191567
1.5927178460776044,1.262574169713849
-0.709107809,0.3703508945167809
0.10462434742147375,-0.510441088
-0.79834652,0.5144656137036581
-0.61451322,-0.051418752
-0.93558265,1.5276388260931772
-0.622873047,-1.556307866
-0.58107099,-0.023927183
-0.653714045,-0.984757985
0.30038025915793465,0.5293307323597769
-0.774200597,-0.253973411
-0.229301494,-0.631088483
-0.730766193,0.10736406945001348
1.106372480909973,0.077901063
0.1291230371430926,0.504678467
-0.889132874,0.3072086211329321
-0.633082872,-1.886842399
-0.706940376,-1.374110798
-0.70486035,-0.91509496
-0.696657886,-0.195378694
-0.668851192,1.4867462966313016
-0.596088844,-1.240140816
-0.69271463,-0.15287645
2.164584448130995,-0.140747864
-0.685996044,-1.934114101
0.2283464052335349,-0.037825935
0.2998619554355475,-1.973565347
-0.637386169,0.6902789233725393
4.469551986939835,0.14976062137618346
-0.598577332,-0.944059068
-0.673400411,-0.429385305
0.3153060780328437,-0.601437732
-0.733215402,0.001461686
-0.606934842,-0.903413463
0.33152453558636663,-1.469056344
-0.813418164,-0.894102209
-0.654766186,-1.113532669
-0.719233,2.123440767861061
-0.806033493,-0.090830435
-0.634644116,-0.455374581
-0.691591192,0.013905188599051183
-0.570383025,0.3294943291184537
3.0957462143981953,-0.536004529
0.6860540519591137,-1.209563297
-0.691699841,-0.115635004
0.23394643654607583,-1.5862144
0.25693120612604814,-1.531677975
-0.593542825,-0.315893606
0.24954008077567846,-1.862963339
1.2543129637795665,-0.61266931
0.8261047952744484,0.6940812753682726
-0.575343249,-0.190451172
0.2544534624162983,-1.164417294
-0.613360308,1.1964424857443077
-0.789253371,0.45269233970376116
-0.745232433,-0.607753818
-0.65900354,-0.245791741
-0.715356011,2.1735095974366323
-0.687762278,-0.102774778
-0.681640477,0.3095334190549879
-0.675078191,-1.052655076
0.071831615,4.401629838259791
-0.631999692,-0.089215159
-0.665167624,-1.781682379
-0.921070677,1.3687861722068928
0.361643993,0.1650020972340096
-0.658140775,-0.701689362
-0.584957914,-0.515163751
-0.675426394,0.8781638557379103
-0.593027778,-0.912774908
-0.772475406,0.551976678
-0.687820619,-0.95311493
3.133090502863194,-0.389407778
-0.37060181,0.18754540666848757
-0.643063432,-0.722869712
-0.625887441,-1.203401651
1.8855171568064004,2.0335769025056654
-0.616918129,0.30516683617338397
0.5722950420608023,-0.589987164
-0.594571015,-0.252103373
1.273040703455675,-0.795145095
-0.339524285,0.26852752985419237
-0.741887074,0.29243264649985073
-0.906297367,1.8166812558840502
1.230141970893095,0.086733362
-0.583368004,-0.495563164
-0.687610584,0.14794067096544578
-0.644115128,-0.140342875
-0.642438483,-0.848898107
-0.943232715,0.3025744956269847
1.2040631400038175,0.4937014151424644
1.2970260223890966,1.7318588310605778
1.0976079340134541,0.35608430335976776
2.1998130910699554,-0.815799898
4.034656928925029,-0.876697074
4.030413914905331,-1.362312107
-0.759091091,-0.18921996
-0.567213311,0.7864004288506976
1.1344645930863617,0.7499278563992784
-0.671547172,0.040683929
-0.599171683,-1.319869827
-0.716914213,2.347439853825232
0.3392214429322481,-0.422592556
-0.642053857,-1.327682707
-0.646045324,-2.001775025
0.30972135019656233,-0.284053317
0.2675999402725633,-1.571708082
-0.648201228,-1.192578209
0.013172674,0.7119458045612519
-0.671745099,1.2803880694618834
0.044021008933256334,2.5504027445419815
3.147424588611935,0.7149065214755663
3.4908249075905804,-0.021677205
-0.719219599,2.0224090899619536
3.0393836935413705,0.9732511681347817
0.6347025627781929,-0.517611106
0.28816106450175205,-0.711096544
1.2260041394779484,0.27285793862857205
-0.888408941,2.899117055
-0.790832845,0.2578104439767129
0.9578803286675198,1.5951262576946377
-0.790539231,1.4193698853642434
-0.793133826,0.9448229268372468
3.0729892919279296,-0.037863975
-0.613893745,-0.934322207
-0.584883515,0.061934112
-0.596411493,-1.312088145
0.11792019555727495,-0.110734407
-0.632296294,-1.320987606
-0.563749019,-0.279349067
-0.865898076,4.801682412284287
-0.376492744,-0.925586748
-0.595129268,-0.877693609
-0.576192613,0.16441477034549334
2.1533801825543115,-0.238600787
0.3499210755503195,0.10089698617189335
-0.568938671,0.8393230052349554
0.14872849675844801,1.1719449014371233
-0.635870673,-1.322571919
-0.580581182,0.16902782677819322
1.2311272857912798,-0.957104791
1.5748311535165618,-0.090961338
-0.610330225,-1.47279473
0.6669207237344364,-0.670654822
-0.601861694,-1.166115991
1.5102680380120255,0.8923196626575483
0.6089364065124153,2.3032406710895477
-0.897934159,0.34628747861721537
-0.625935092,-0.654812303
-0.648607456,-1.325029379
-0.616275318,-0.237600558
-0.79471397,2.225262743622968
0.2600399232607987,-1.752901417
-0.776771101,0.5693774537916523
-0.756029855,-0.720726717
0.2827943034648356,-1.609953457
-0.756389411,-0.172905765
-0.632195077,0.5094004672407584
-0.739883348,1.3043229950518382
-0.588400139,-0.905944475
0.34795000682475397,0.017881582
-0.630233944,0.1512481322854038
-0.581692783,-0.686558446
-0.596626473,-0.025633812
0.34897993036315933,-0.317008358
2.184306128341495,0.060543789
1.037729411543292,-0.084674769
0.21193712181672797,0.12622531900801398
-0.607223296,-0.095167896
-0.64975993,-0.402198905
-0.682503242,0.7654310396627395
-0.837207998,-0.13128472
2.5017238578949232,0.1879920822979138
-0.591259042,-0.602098611
0.22998184715408343,0.7896119621363402
-0.802796311,2.027572361405999
-0.385370829,0.2828156670102212
-0.702577046,-0.588887542
0.24867254037534547,0.12157155185842339
2.1127700082607888,-1.171564606
-0.662108291,-1.183216764
1.2889897680289364,0.39780614382760376
-0.595714324,-1.301220489
-0.825105323,0.5097585333336967
0.9859200690062303,3.0166291021535914
-0.640184659,-0.144380098
-0.917281318,0.083916152
-0.711084716,0.6117507564242506
-0.874074856,4.003431354080003
-0.679072685,0.9861437333801997
4.072179234928285,-0.069035807
0.6409005721940756,-1.131091947
-0.617840913,-1.145926555
-0.675989846,1.0658727449880838
-0.347221671,-0.165523835
-0.597428016,-1.078229882
3.8517406950696937,0.9730274977365547
0.2487797650054694,0.7686716949232344
0.03578052,2.573983323955423
0.3566301651366759,0.049183307348835775
-0.625912565,0.055312564
-0.79987239,-0.084542994
-0.58209918,0.039863049
-0.599438364,-0.759261155
-0.64225538,-1.470010619
-0.641062574,-0.771704658
-0.907875439,1.1082760346527514
0.264573879,-1.388869898
1.2658096454152874,0.24493147459591746
0.250449518,-1.638588837
-0.639823709,0.7544445708711813
-0.701807965,-0.687584077
-0.272625185,-0.891561862
-0.594703,-0.721779627
-0.60981789,-0.569714854
-0.88238878,0.7656990336761367
-0.589107413,-0.499107205
1.2322953324313652,-0.08137494
-0.646572039,-1.574961753
0.6988701393612328,-0.234413776
-0.78941922,-0.654753194
-0.654244556,-0.258168914
-0.595455214,-1.266314187
0.21205000630727644,2.126681423121556
2.899046754908969,-0.247260273
-0.55967663,0.627457703
-0.889030734,2.236485792
-0.603488341,-1.424820961
-0.652203478,0.8452546729520398
-0.600738256,-0.999334353
1.2257781617752328,-0.086077471
-0.745273137,0.31179026310395846
-0.695311127,0.5025489650491186
-0.583358069,-0.054395425
-0.726047273,1.5034148374165779
-0.604944458,2.0061370334996855
5.061943693357831,3.2504594294839038
0.1968649931331271,0.7894601102666605
-0.589262904,-0.450046855
0.24851562587439546,0.6881918528158293
0.094187121,-0.68235108
-0.563479975,0.19672497450152265
0.3515980304234644,-0.361198004
-0.650345155,0.03314688
-0.577483209,-0.123374548
2.1506414567125725,-0.740479607
0.29299229080664957,-0.59061429
-0.295729517,-0.287944748
-0.630867574,0.17742150363429854
-0.658279708,-1.542320348
-0.986065675,0.3339452236648153
-0.739930021,0.6240508732301553
-0.696086677,-0.382121656
0.3071392331402706,-0.958521051
-0.656665653,-1.552572506
-0.623538425,1.0594387961926996
1.1686644055538569,-0.350217805
-0.758177248,1.0471977883937165
-0.922146294,-0.205457479
-0.779357993,1.4235469901106568
1.212554253,0.18275445303061383
-0.717168378,-0.074976383
-0.68261705,-1.333914162
-0.625974063,-0.006367929
-0.638459299,-0.197302675
-0.855161442,0.5945489714880552
-0.551334424,1.8178161494480278
0.33803949490019647,-0.580841682
0.29129356333881107,0.11911759562100716
-0.76047253,0.3044620985091414
-0.782394968,2.3940789058541805
-0.645882441,-0.968579123
-0.578141909,-0.166237529
-0.564249225,1.1542941739213943
-0.602112432,-1.347627511
-0.588306625,-0.404272897
0.3396762463194104,-0.739841638
-0.61930057,-0.42475118
-0.652766891,-1.750140572
-0.592489396,-1.16952015
1.240095728778468,-0.875175969
-0.653019362,-1.660552383
-0.572548055,0.32753460105773263
-0.653617064,-1.025285823
-0.667468774,-0.235797232
3.1603303781155088,1.036149855367447
0.021745746977303804,1.2014802935110225
0.3121817264979079,0.6083661436564034
-0.746961275,-1.467985391
5.288263599207394,0.19803223314089552
11.03283705807339,0.10190658906107786
-0.615963528,-0.705710065
2.6595938092150213,0.18667410878392715
-0.649721769,-0.680654473
0.29698314285571803,0.2310491735318616
-0.764061119,0.7738982691270133
-0.884521848,2.531480958547455
0.071937852,-1.863348081
-0.864979249,0.8674860916766403
-0.613248447,-0.790427548
-0.593636339,-0.817565185
-0.606421528,-1.229195058
-0.724949073,2.4600327879002206
-0.63678581,-0.117198248
0.5264409044492112,0.023852571850592613
-0.92982984,1.4301511890657514
1.0020564080846008,-1.353805225
-0.700554105,-0.638899142
-0.763634981,-0.994419217
0.1198361260376738,3.549468793620004
1.1142124013648385,1.2752252749436057
2.1598098295333346,0.8602097428693132
-0.648684143,0.31317208160808585
-0.643632099,-1.177215264
-0.664763938,-1.008142696
-0.743481064,0.9626026213300363
-0.624775671,-1.206688043
-0.679107858,1.3348123068451831
0.31376301,-0.799638862
-0.595970261,-0.669432884
-0.649722383,-0.533083328
1.2214055357978615,-0.823584606
-0.680525665,-0.951290535
-0.802648353,-0.209077149
0.26894985621580014,-1.662440082
-0.716796345,-0.822718111
1.5754797485427905,0.36960656947890563
0.9913852345119104,3.3573982269391642
0.022079200201115978,3.1412350265855986
0.6293165714128114,-1.809919638
-0.601978639,2.102931070215854
-0.633915239,-0.250976081
-0.291212259,-0.139554799
-0.690028085,0.2355691312527402
0.256126951,-1.084312867
0.3424865743272928,-0.593987251
-0.595037318,-0.963794987
-0.736497731,0.5736638585930871
-0.582458567,-0.271188663
-0.86468569,3.3567961006003384
0.3599203658261221,-0.053175035
6.3532564233075925,1.4394144226185293
-0.577115451,0.041071947030669825
-0.67146186,-0.169911939
-0.641315045,-0.682116469
-0.621415292,-1.147510867
-0.851904182,-0.046689553
5.005985848733881,0.6172050942490452
-0.698213546,-0.662536951
-0.604718695,-1.9922425
